,Date,sensor,value
0,08/02/21 22:11:15,Temperatura,33.326220786914725
1,08/02/21 22:11:16,Temperatura,29.347731368156616
2,08/02/21 22:11:17,Temperatura,39.18021270519549
3,08/02/21 22:11:18,Temperatura,32.035552160083355
1,08/02/21 22:11:19,Maximo,39.18021270519549
1,08/02/21 22:11:19,Minimo,29.347731368156616
1,08/02/21 22:11:19,Mediana,32.680886473499044
1,08/02/21 22:11:19,Promedio,33.47242925508755
1,08/02/21 22:11:19,Desviacion,3.5943677216616177
1,08/02/21 22:11:19,Varianza,12.919479318522928
4,08/02/21 22:11:19,Temperatura,28.92673292745366
5,08/02/21 22:11:20,Temperatura,29.92766920993097
6,08/02/21 22:11:21,Temperatura,26.327213471385992
1,08/02/21 22:11:22,Maximo,39.18021270519549
1,08/02/21 22:11:22,Minimo,26.327213471385992
1,08/02/21 22:11:22,Mediana,29.92766920993097
1,08/02/21 22:11:22,Promedio,31.295904661302973
1,08/02/21 22:11:22,Desviacion,3.832192390024064
1,08/02/21 22:11:22,Varianza,14.685698514158348
7,08/02/21 22:11:22,Temperatura,26.146267546490993
1,08/02/21 22:11:23,Maximo,39.18021270519549
1,08/02/21 22:11:23,Minimo,26.146267546490996
1,08/02/21 22:11:23,Mediana,29.637700289043792
1,08/02/21 22:11:23,Promedio,30.652200021951476
1,08/02/21 22:11:23,Desviacion,3.9686869162163747
1,08/02/21 22:11:23,Varianza,15.75047583894704
8,08/02/21 22:11:23,Temperatura,37.71638255660393
9,08/02/21 22:11:24,Temperatura,27.02843141293974
10,08/02/21 22:11:25,Temperatura,29.32732018651555
1,08/02/21 22:11:26,Maximo,39.18021270519549
1,08/02/21 22:11:26,Minimo,26.146267546490996
1,08/02/21 22:11:26,Mediana,29.347731368156616
1,08/02/21 22:11:26,Promedio,30.844521302879176
1,08/02/21 22:11:26,Desviacion,4.160273427185398
1,08/02/21 22:11:26,Varianza,17.30787498894494
11,08/02/21 22:11:26,Temperatura,38.98998816547494
12,08/02/21 22:11:27,Temperatura,24.882490705095748
1,08/02/21 22:11:28,Maximo,39.18021270519549
1,08/02/21 22:11:28,Minimo,24.882490705095748
1,08/02/21 22:11:28,Mediana,29.347731368156616
1,08/02/21 22:11:28,Promedio,31.01247793863397
1,08/02/21 22:11:28,Desviacion,4.738665355168161
1,08/02/21 22:11:28,Varianza,22.45494934827099
13,08/02/21 22:11:28,Temperatura,20.744044269049688
1,08/02/21 22:11:29,Maximo,39.18021270519549
1,08/02/21 22:11:29,Minimo,20.744044269049688
1,08/02/21 22:11:29,Mediana,29.337525777336083
1,08/02/21 22:11:29,Promedio,30.279018390806524
1,08/02/21 22:11:29,Desviacion,5.276792795127857
1,08/02/21 22:11:29,Varianza,27.844542202713264
14,08/02/21 22:11:29,Temperatura,32.86413566813499
15,08/02/21 22:11:30,Temperatura,26.3196239268218
1,08/02/21 22:11:31,Maximo,39.18021270519549
1,08/02/21 22:11:31,Minimo,20.744044269049688
1,08/02/21 22:11:31,Mediana,29.337525777336083
1,08/02/21 22:11:31,Promedio,30.193126066640513
1,08/02/21 22:11:31,Desviacion,5.07484720727722
1,08/02/21 22:11:31,Varianza,25.754074177209404
16,08/02/21 22:11:31,Temperatura,22.288732585631514
17,08/02/21 22:11:32,Temperatura,32.06911506697946
18,08/02/21 22:11:33,Temperatura,23.680615424286543
19,08/02/21 22:11:34,Temperatura,26.094640998620285
20,08/02/21 22:11:35,Temperatura,36.44768165809988
21,08/02/21 22:11:36,Temperatura,27.731036865653092
22,08/02/21 22:11:38,Temperatura,30.863477278614862
23,08/02/21 22:11:39,Temperatura,30.3586061929632
24,08/02/21 22:11:40,Temperatura,25.15429613654595
25,08/02/21 22:11:41,Temperatura,27.998077956824584
26,08/02/21 22:11:42,Temperatura,25.64866779570221
27,08/02/21 22:11:43,Temperatura,26.100494270750982
28,08/02/21 22:11:44,Temperatura,28.534202885272194
29,08/02/21 22:11:45,Temperatura,28.49655542922419
30,08/02/21 22:11:46,Temperatura,21.909951278233642
31,08/02/21 22:11:47,Temperatura,30.692169650773646
32,08/02/21 22:11:48,Temperatura,33.57473332939211
33,08/02/21 22:11:49,Temperatura,33.14374486810787
34,08/02/21 22:11:50,Temperatura,35.027032412913925
35,08/02/21 22:11:51,Temperatura,29.275561498552857
36,08/02/21 22:11:52,Temperatura,41.08944679923947
37,08/02/21 22:11:53,Temperatura,32.461621141819975
38,08/02/21 22:11:54,Temperatura,21.38615656366915
39,08/02/21 22:11:55,Temperatura,35.86829423186691
40,08/02/21 22:11:56,Temperatura,36.06692033528975
41,08/02/21 22:11:57,Temperatura,31.79780310941238
42,08/02/21 22:11:58,Temperatura,34.702145235132804
43,08/02/21 22:11:59,Temperatura,39.417481770036545
44,08/02/21 22:12:00,Temperatura,30.469362456984456
45,08/02/21 22:12:01,Temperatura,37.78610935293385
46,08/02/21 22:12:02,Temperatura,27.15714849309204
47,08/02/21 22:12:03,Temperatura,26.288726368447044
48,08/02/21 22:12:04,Temperatura,24.7630235429067
49,08/02/21 22:12:05,Temperatura,35.39732467399723
50,08/02/21 22:12:06,Temperatura,22.876303821224095
51,08/02/21 22:12:07,Temperatura,24.231437684504474
52,08/02/21 22:12:08,Temperatura,26.656740308302624
53,08/02/21 22:12:09,Temperatura,45.32726096635873
54,08/02/21 22:12:10,Temperatura,33.78250731525604
55,08/02/21 22:12:11,Temperatura,32.184628052538315
56,08/02/21 22:12:12,Temperatura,30.070843071229174
57,08/02/21 22:12:13,Temperatura,20.890432847719765
58,08/02/21 22:12:14,Temperatura,32.49468892874037
59,08/02/21 22:12:15,Temperatura,24.762048249497496
60,08/02/21 22:12:16,Temperatura,32.61690041540581
61,08/02/21 22:12:17,Temperatura,28.15181944472315
62,08/02/21 22:12:18,Temperatura,32.44211789960761
63,08/02/21 22:12:19,Temperatura,29.518723656810295
64,08/02/21 22:12:20,Temperatura,34.13592292821667
65,08/02/21 22:12:21,Temperatura,33.24907761098971
66,08/02/21 22:12:22,Temperatura,31.49768487769783
67,08/02/21 22:12:23,Temperatura,33.367367552467904
68,08/02/21 22:12:24,Temperatura,32.069008702384984
69,08/02/21 22:12:25,Temperatura,25.385835499936423
70,08/02/21 22:12:26,Temperatura,18.785836237974742
71,08/02/21 22:12:27,Temperatura,27.19353964378142
72,08/02/21 22:12:28,Temperatura,31.762007323895038
73,08/02/21 22:12:29,Temperatura,26.04276519790202
74,08/02/21 22:12:30,Temperatura,31.15607510659315
75,08/02/21 22:12:31,Temperatura,34.51826766997632
76,08/02/21 22:12:32,Temperatura,34.915664968326276
77,08/02/21 22:12:33,Temperatura,32.43084431727009
78,08/02/21 22:12:34,Temperatura,24.94662652788819
79,08/02/21 22:12:36,Temperatura,30.722367687328497
80,08/02/21 22:12:37,Temperatura,31.772860021012416
81,08/02/21 22:12:38,Temperatura,34.215748449873296
82,08/02/21 22:12:39,Temperatura,21.909063892492355
83,08/02/21 22:12:40,Temperatura,38.93912661158136
84,08/02/21 22:12:41,Temperatura,31.878726912248485
85,08/02/21 22:12:42,Temperatura,24.053162052378816
86,08/02/21 22:12:43,Temperatura,29.94731005334724
87,08/02/21 22:12:44,Temperatura,26.715841962603797
88,08/02/21 22:12:45,Temperatura,31.371536721576923
89,08/02/21 22:12:46,Temperatura,24.223151207310032
90,08/02/21 22:12:47,Temperatura,30.250619722870272
91,08/02/21 22:12:48,Temperatura,29.13298382088543
92,08/02/21 22:12:49,Temperatura,37.19989489705543
93,08/02/21 22:12:50,Temperatura,28.63590719128177
94,08/02/21 22:12:51,Temperatura,29.324050080360685
95,08/02/21 22:12:52,Temperatura,31.260021961252118
96,08/02/21 22:12:53,Temperatura,26.688307065200792
97,08/02/21 22:12:54,Temperatura,20.792475718164702
98,08/02/21 22:12:55,Temperatura,25.35862878128403
99,08/02/21 22:12:56,Temperatura,34.6474358147392
100,08/02/21 22:12:57,Temperatura,30.434646492836187
101,08/02/21 22:12:58,Temperatura,25.091784938704176
102,08/02/21 22:12:59,Temperatura,31.948067011823834
103,08/02/21 22:13:00,Temperatura,35.85386363398009
104,08/02/21 22:13:01,Temperatura,23.35647469803956
105,08/02/21 22:13:02,Temperatura,25.957328644333558
106,08/02/21 22:13:03,Temperatura,30.122490751494382
107,08/02/21 22:13:04,Temperatura,26.12786244514265
108,08/02/21 22:13:05,Temperatura,28.814821491004444
109,08/02/21 22:13:06,Temperatura,29.0337322503823
110,08/02/21 22:13:07,Temperatura,34.03976134820252
111,08/02/21 22:13:08,Temperatura,29.04914900516178
112,08/02/21 22:13:09,Temperatura,33.83903882919723
113,08/02/21 22:13:10,Temperatura,27.321756989986845
114,08/02/21 22:13:11,Temperatura,25.739595772595223
115,08/02/21 22:13:12,Temperatura,34.24691910357679
116,08/02/21 22:13:13,Temperatura,25.477916227634736
117,08/02/21 22:13:14,Temperatura,29.569216498008544
118,08/02/21 22:13:15,Temperatura,36.9586094265146
119,08/02/21 22:13:16,Temperatura,30.340152340046178
120,08/02/21 22:13:17,Temperatura,25.161289572410983
121,08/02/21 22:13:18,Temperatura,28.914703244896074
122,08/02/21 22:13:19,Temperatura,26.09881888817471
123,08/02/21 22:13:20,Temperatura,30.094242052468914
124,08/02/21 22:13:21,Temperatura,38.21635103683238
125,08/02/21 22:13:22,Temperatura,32.91693766143126
126,08/02/21 22:13:23,Temperatura,29.30920746036396
127,08/02/21 22:13:24,Temperatura,29.81131274119954
128,08/02/21 22:13:25,Temperatura,20.76075136972316
129,08/02/21 22:13:26,Temperatura,24.704827819152566
130,08/02/21 22:13:27,Temperatura,28.72054384174095
131,08/02/21 22:13:28,Temperatura,27.019307848727884
132,08/02/21 22:13:29,Temperatura,23.56668065426613
133,08/02/21 22:13:31,Temperatura,26.891419364517017
134,08/02/21 22:13:32,Temperatura,27.750851587817067
135,08/02/21 22:13:33,Temperatura,26.659332185086313
136,08/02/21 22:13:34,Temperatura,24.611452717140324
137,08/02/21 22:13:35,Temperatura,28.121400700443143
138,08/02/21 22:13:36,Temperatura,34.22223219112274
139,08/02/21 22:13:37,Temperatura,26.865715935109037
140,08/02/21 22:13:38,Temperatura,23.26027939026603
141,08/02/21 22:13:39,Temperatura,34.123234303209024
142,08/02/21 22:13:40,Temperatura,30.719119713674786
143,08/02/21 22:13:41,Temperatura,27.40356630565236
144,08/02/21 22:13:42,Temperatura,25.35731988554088
145,08/02/21 22:13:43,Temperatura,24.19861060439569
146,08/02/21 22:13:44,Temperatura,34.47665387113661
147,08/02/21 22:13:45,Temperatura,31.16680328494248
148,08/02/21 22:13:46,Temperatura,31.806191904982022
149,08/02/21 22:13:47,Temperatura,21.369831637363312
150,08/02/21 22:13:48,Temperatura,42.739519692459254
151,08/02/21 22:13:49,Temperatura,21.611049448370597
152,08/02/21 22:13:50,Temperatura,39.73751667646313
153,08/02/21 22:13:51,Temperatura,25.64943701532601
154,08/02/21 22:13:52,Temperatura,34.23892719212288
155,08/02/21 22:13:53,Temperatura,28.746148896864938
156,08/02/21 22:13:54,Temperatura,29.010735185238115
157,08/02/21 22:13:55,Temperatura,31.458387877828763
158,08/02/21 22:13:56,Temperatura,22.447359796164022
159,08/02/21 22:13:57,Temperatura,31.89680153785528
160,08/02/21 22:13:58,Temperatura,36.283463699389465
161,08/02/21 22:13:59,Temperatura,29.729713940489006
162,08/02/21 22:14:00,Temperatura,32.565578995639854
163,08/02/21 22:14:01,Temperatura,31.39806033023462
164,08/02/21 22:14:02,Temperatura,39.24752971320383
165,08/02/21 22:14:03,Temperatura,37.41058205585411
166,08/02/21 22:14:04,Temperatura,34.99616538478586
167,08/02/21 22:14:05,Temperatura,21.27424941393904
168,08/02/21 22:14:06,Temperatura,35.18243048955931
169,08/02/21 22:14:07,Temperatura,33.37711872645596
170,08/02/21 22:14:08,Temperatura,26.0784964119307
171,08/02/21 22:14:09,Temperatura,47.38557631690587
172,08/02/21 22:14:10,Temperatura,28.638771781676365
173,08/02/21 22:14:11,Temperatura,33.662778320146515
174,08/02/21 22:14:12,Temperatura,27.738473228152863
175,08/02/21 22:14:13,Temperatura,34.3329660943954
176,08/02/21 22:14:14,Temperatura,33.998258250660584
177,08/02/21 22:14:15,Temperatura,28.746541805421902
178,08/02/21 22:14:16,Temperatura,34.43105190432637
179,08/02/21 22:14:17,Temperatura,34.93905818068014
180,08/02/21 22:14:18,Temperatura,30.598115914489654
181,08/02/21 22:14:19,Temperatura,28.323981706242513
182,08/02/21 22:14:20,Temperatura,29.099579890956747
183,08/02/21 22:14:21,Temperatura,34.78607409796773
184,08/02/21 22:14:22,Temperatura,28.51696637241734
185,08/02/21 22:14:23,Temperatura,27.50157590011025
186,08/02/21 22:14:24,Temperatura,38.019829141557025
187,08/02/21 22:14:26,Temperatura,32.44048249136648
188,08/02/21 22:14:27,Temperatura,24.722734551512662
189,08/02/21 22:14:28,Temperatura,23.454900858574106
190,08/02/21 22:14:29,Temperatura,26.391761802155937
191,08/02/21 22:14:30,Temperatura,40.267981707304486
192,08/02/21 22:14:31,Temperatura,39.26266929569518
193,08/02/21 22:14:32,Temperatura,25.926238634600466
194,08/02/21 22:14:33,Temperatura,29.226712651628393
195,08/02/21 22:14:34,Temperatura,33.760501106193566
196,08/02/21 22:14:35,Temperatura,42.76197230319235
197,08/02/21 22:14:36,Temperatura,34.8521795745404
198,08/02/21 22:14:37,Temperatura,27.129075361217097
199,08/02/21 22:14:38,Temperatura,19.31281128953209
200,08/02/21 22:14:39,Temperatura,31.789391373482164
201,08/02/21 22:14:40,Temperatura,27.741514569667657
202,08/02/21 22:14:41,Temperatura,29.49037017640267
203,08/02/21 22:14:42,Temperatura,26.686845581827665
204,08/02/21 22:14:43,Temperatura,24.70726996463064
205,08/02/21 22:14:44,Temperatura,26.574409522296975
206,08/02/21 22:14:45,Temperatura,31.354907450679622
207,08/02/21 22:14:46,Temperatura,34.16372852100213
208,08/02/21 22:14:47,Temperatura,36.47871688592893
209,08/02/21 22:14:48,Temperatura,30.05719775840333
210,08/02/21 22:14:49,Temperatura,38.496917162030826
211,08/02/21 22:14:50,Temperatura,26.267301814071416
212,08/02/21 22:14:51,Temperatura,36.71386139419955
213,08/02/21 22:14:52,Temperatura,24.649095775454533
214,08/02/21 22:14:53,Temperatura,35.97569090627421
215,08/02/21 22:14:54,Temperatura,35.85691887145669
216,08/02/21 22:14:55,Temperatura,27.171292892988454
217,08/02/21 22:14:56,Temperatura,21.69817942699153
218,08/02/21 22:14:57,Temperatura,32.30871101071813
219,08/02/21 22:14:58,Temperatura,29.056011920644867
220,08/02/21 22:14:59,Temperatura,26.290551625451435
221,08/02/21 22:15:00,Temperatura,27.256383591326415
222,08/02/21 22:15:01,Temperatura,37.67232549452688
223,08/02/21 22:15:02,Temperatura,22.17099796371722
224,08/02/21 22:15:03,Temperatura,29.35632593514932
225,08/02/21 22:15:04,Temperatura,33.990192126016666
226,08/02/21 22:15:05,Temperatura,18.973780183550907
227,08/02/21 22:15:06,Temperatura,28.164848687665792
228,08/02/21 22:15:07,Temperatura,28.133686959659478
229,08/02/21 22:15:08,Temperatura,24.66401656702152
230,08/02/21 22:15:09,Temperatura,27.55498586368446
231,08/02/21 22:15:10,Temperatura,37.77827751301751
232,08/02/21 22:15:11,Temperatura,28.499339103285855
233,08/02/21 22:15:12,Temperatura,28.793784267834955
234,08/02/21 22:15:13,Temperatura,25.009242915343478
235,08/02/21 22:15:14,Temperatura,38.534023521845555
236,08/02/21 22:15:15,Temperatura,25.35948371349226
237,08/02/21 22:15:16,Temperatura,28.738380132417703
238,08/02/21 22:15:17,Temperatura,37.162287306319065
239,08/02/21 22:15:18,Temperatura,31.592574673881035
240,08/02/21 22:15:20,Temperatura,36.55103178665404
241,08/02/21 22:15:21,Temperatura,36.15694089832505
242,08/02/21 22:15:22,Temperatura,36.183758139601984
1,08/02/21 22:15:22,Maximo,47.38557631690587
1,08/02/21 22:15:22,Minimo,18.785836237974745
1,08/02/21 22:15:22,Mediana,29.51872365681029
1,08/02/21 22:15:22,Promedio,30.140287221446396
1,08/02/21 22:15:22,Desviacion,5.129558232047213
1,08/02/21 22:15:22,Varianza,26.31236765596333
243,08/02/21 22:15:23,Temperatura,29.66921600301203
244,08/02/21 22:15:24,Temperatura,28.875667828691984
1,08/02/21 22:15:24,Maximo,47.38557631690587
1,08/02/21 22:15:24,Minimo,18.785836237974745
1,08/02/21 22:15:24,Mediana,29.51872365681029
1,08/02/21 22:15:24,Promedio,30.133202769972158
1,08/02/21 22:15:24,Desviacion,5.109300928372846
1,08/02/21 22:15:24,Varianza,26.10495597667163
245,08/02/21 22:15:25,Temperatura,25.60144484604975
246,08/02/21 22:15:26,Temperatura,21.443112311290008
247,08/02/21 22:15:27,Temperatura,17.13257034508403
248,08/02/21 22:15:28,Temperatura,24.716867657806237
249,08/02/21 22:15:29,Temperatura,27.926573790974363
250,08/02/21 22:15:30,Temperatura,28.154492095432275
251,08/02/21 22:15:31,Temperatura,35.597676866780546
252,08/02/21 22:15:32,Temperatura,21.629884505768967
253,08/02/21 22:15:33,Temperatura,28.55999933709426
254,08/02/21 22:15:34,Temperatura,33.70157808854316
255,08/02/21 22:15:35,Temperatura,28.20789787593877
256,08/02/21 22:15:36,Temperatura,28.909060436385815
257,08/02/21 22:15:37,Temperatura,31.994351616780747
258,08/02/21 22:15:38,Temperatura,22.85044206756415
259,08/02/21 22:15:39,Temperatura,27.17877555889767
260,08/02/21 22:15:40,Temperatura,31.901004573879103
261,08/02/21 22:15:41,Temperatura,32.12207249058523
262,08/02/21 22:15:42,Temperatura,26.75472094521874
263,08/02/21 22:15:43,Temperatura,30.100446429225933
264,08/02/21 22:15:44,Temperatura,23.942598544642806
265,08/02/21 22:15:45,Temperatura,29.901507458103424
266,08/02/21 22:15:46,Temperatura,29.06016833737922
267,08/02/21 22:15:47,Temperatura,34.48688045120106
268,08/02/21 22:15:48,Temperatura,30.628083707413918
269,08/02/21 22:15:49,Temperatura,28.446401915007833
270,08/02/21 22:15:50,Temperatura,30.214664993102634
271,08/02/21 22:15:51,Temperatura,28.351806149179154
272,08/02/21 22:15:52,Temperatura,30.87194985869956
273,08/02/21 22:15:53,Temperatura,26.146373919037675
274,08/02/21 22:15:54,Temperatura,30.858935027169927
275,08/02/21 22:15:55,Temperatura,26.077848905750884
276,08/02/21 22:15:56,Temperatura,31.33868541416281
277,08/02/21 22:15:57,Temperatura,38.208220193230254
278,08/02/21 22:15:58,Temperatura,17.422910085757685
279,08/02/21 22:15:59,Temperatura,20.434656681229043
280,08/02/21 22:16:00,Temperatura,35.72951070519029
281,08/02/21 22:16:01,Temperatura,27.401231690493347
282,08/02/21 22:16:02,Temperatura,29.183403421956722
283,08/02/21 22:16:03,Temperatura,30.616634947312882
284,08/02/21 22:16:04,Temperatura,27.11270965399865
285,08/02/21 22:16:05,Temperatura,30.09274150082617
286,08/02/21 22:16:06,Temperatura,23.48562967980283
287,08/02/21 22:16:07,Temperatura,21.944243173738876
288,08/02/21 22:16:08,Temperatura,28.760396801568234
289,08/02/21 22:16:09,Temperatura,24.296793738981904
290,08/02/21 22:16:10,Temperatura,31.416459370891168
291,08/02/21 22:16:11,Temperatura,27.393945231671506
292,08/02/21 22:16:12,Temperatura,26.70288024491997
293,08/02/21 22:16:13,Temperatura,20.936764857870294
294,08/02/21 22:16:14,Temperatura,35.55500616658951
295,08/02/21 22:16:15,Temperatura,25.808445360480572
296,08/02/21 22:16:17,Temperatura,28.028286572818477
297,08/02/21 22:16:18,Temperatura,22.92676064713691
298,08/02/21 22:16:19,Temperatura,34.12836129587203
299,08/02/21 22:16:20,Temperatura,25.8566718808874
300,08/02/21 22:16:21,Temperatura,33.52461906487438
301,08/02/21 22:16:22,Temperatura,34.298840112427015
302,08/02/21 22:16:23,Temperatura,38.698384517143495
303,08/02/21 22:16:24,Temperatura,27.60229335255358
304,08/02/21 22:16:25,Temperatura,28.596509973970583
305,08/02/21 22:16:26,Temperatura,31.23876228591137
306,08/02/21 22:16:27,Temperatura,24.73049512366134
307,08/02/21 22:16:28,Temperatura,29.540450079021234
308,08/02/21 22:16:29,Temperatura,26.695379307845823
309,08/02/21 22:16:30,Temperatura,35.12602509276105
310,08/02/21 22:16:31,Temperatura,35.46983448201132
311,08/02/21 22:16:32,Temperatura,29.494021683789793
312,08/02/21 22:16:33,Temperatura,22.202279990947353
313,08/02/21 22:16:34,Temperatura,29.16664901204326
314,08/02/21 22:16:35,Temperatura,28.85990757974974
315,08/02/21 22:16:36,Temperatura,33.12975873363517
316,08/02/21 22:16:37,Temperatura,29.30791976862133
317,08/02/21 22:16:38,Temperatura,36.09552163102253
318,08/02/21 22:16:39,Temperatura,38.7441910025627
319,08/02/21 22:16:40,Temperatura,26.555632916699246
320,08/02/21 22:16:41,Temperatura,29.18842187013826
321,08/02/21 22:16:42,Temperatura,22.82600732751727
322,08/02/21 22:16:43,Temperatura,22.884377455265373
323,08/02/21 22:16:44,Temperatura,30.12832096588373
324,08/02/21 22:16:45,Temperatura,26.43490987408267
325,08/02/21 22:16:46,Temperatura,36.220712401954195
326,08/02/21 22:16:47,Temperatura,32.23069219570404
327,08/02/21 22:16:48,Temperatura,31.90613948206876
328,08/02/21 22:16:49,Temperatura,26.46090917331745
329,08/02/21 22:16:50,Temperatura,22.518323071888833
330,08/02/21 22:16:51,Temperatura,28.509800451394113
331,08/02/21 22:16:52,Temperatura,39.9495831565018
332,08/02/21 22:16:53,Temperatura,37.89335104315097
333,08/02/21 22:16:54,Temperatura,30.569734764688945
334,08/02/21 22:16:55,Temperatura,27.901117181320082
335,08/02/21 22:16:56,Temperatura,24.385226101547374
336,08/02/21 22:16:57,Temperatura,24.555296138962838
337,08/02/21 22:16:58,Temperatura,22.888713553607424
338,08/02/21 22:16:59,Temperatura,26.43754671345371
339,08/02/21 22:17:00,Temperatura,28.244895715130003
340,08/02/21 22:17:01,Temperatura,25.6205682030277
341,08/02/21 22:17:02,Temperatura,42.44535497202717
342,08/02/21 22:17:03,Temperatura,31.69137062587458
343,08/02/21 22:17:04,Temperatura,30.201106457597803
344,08/02/21 22:17:05,Temperatura,33.46323271950227
345,08/02/21 22:17:06,Temperatura,23.218766390735937
346,08/02/21 22:17:07,Temperatura,29.27421560253012
347,08/02/21 22:17:08,Temperatura,40.16388603442307
348,08/02/21 22:17:09,Temperatura,36.17487192667677
349,08/02/21 22:17:10,Temperatura,36.02064547911765
350,08/02/21 22:17:11,Temperatura,38.791004095703755
351,08/02/21 22:17:12,Temperatura,32.64563538518939
352,08/02/21 22:17:13,Temperatura,19.896009236463644
353,08/02/21 22:17:14,Temperatura,26.641326274558534
354,08/02/21 22:17:15,Temperatura,37.61999146098198
355,08/02/21 22:17:17,Temperatura,31.414039204217
356,08/02/21 22:17:18,Temperatura,34.284278942614655
357,08/02/21 22:17:19,Temperatura,30.98427164785641
358,08/02/21 22:17:20,Temperatura,34.49861089700106
359,08/02/21 22:17:21,Temperatura,31.190964226977126
360,08/02/21 22:17:22,Temperatura,33.984944240291476
361,08/02/21 22:17:23,Temperatura,31.693758941459006
362,08/02/21 22:17:24,Temperatura,29.426842744522382
363,08/02/21 22:17:25,Temperatura,36.78544123794049
364,08/02/21 22:17:26,Temperatura,33.57861963108092
365,08/02/21 22:17:27,Temperatura,31.180336750208205
366,08/02/21 22:17:28,Temperatura,23.19512127424203
367,08/02/21 22:17:29,Temperatura,26.567734186652313
368,08/02/21 22:17:30,Temperatura,28.048832419188887
369,08/02/21 22:17:31,Temperatura,30.72163593537856
370,08/02/21 22:17:32,Temperatura,27.014566855213882
371,08/02/21 22:17:33,Temperatura,19.584454309450773
372,08/02/21 22:17:34,Temperatura,28.421891482965314
373,08/02/21 22:17:35,Temperatura,32.59471650686572
374,08/02/21 22:17:36,Temperatura,27.039141647231364
375,08/02/21 22:17:37,Temperatura,28.877702521273353
376,08/02/21 22:17:38,Temperatura,27.627595672207296
377,08/02/21 22:17:39,Temperatura,20.749207087568927
378,08/02/21 22:17:40,Temperatura,24.538039642269954
379,08/02/21 22:17:41,Temperatura,33.82698059057875
380,08/02/21 22:17:42,Temperatura,28.723116489788296
381,08/02/21 22:17:43,Temperatura,34.353047979721744
382,08/02/21 22:17:44,Temperatura,35.50179725573322
383,08/02/21 22:17:45,Temperatura,34.235014727925275
384,08/02/21 22:17:46,Temperatura,27.338659113765253
385,08/02/21 22:17:47,Temperatura,27.167803660715798
386,08/02/21 22:17:48,Temperatura,30.127645399955373
387,08/02/21 22:17:49,Temperatura,34.15437264275368
388,08/02/21 22:17:50,Temperatura,21.70438272112343
389,08/02/21 22:17:51,Temperatura,28.779647233262473
390,08/02/21 22:17:52,Temperatura,28.79845804656803
391,08/02/21 22:17:53,Temperatura,21.286105660528513
392,08/02/21 22:17:54,Temperatura,20.84898369153046
393,08/02/21 22:17:55,Temperatura,19.033958235032518
394,08/02/21 22:17:56,Temperatura,26.42243311324436
395,08/02/21 22:17:57,Temperatura,38.06595890304155
396,08/02/21 22:17:58,Temperatura,24.840846205031333
397,08/02/21 22:17:59,Temperatura,27.03940518578414
398,08/02/21 22:18:00,Temperatura,30.449003379971476
399,08/02/21 22:18:01,Temperatura,22.360681094894083
400,08/02/21 22:18:02,Temperatura,35.706514612519115
401,08/02/21 22:18:03,Temperatura,35.0937874597203
402,08/02/21 22:18:04,Temperatura,30.79017364423965
403,08/02/21 22:18:05,Temperatura,34.47923599871557
404,08/02/21 22:18:06,Temperatura,26.117846227582277
405,08/02/21 22:18:07,Temperatura,22.81152685897411
406,08/02/21 22:18:08,Temperatura,32.60243362628861
407,08/02/21 22:18:09,Temperatura,34.213813908418345
408,08/02/21 22:18:10,Temperatura,21.965052092679663
409,08/02/21 22:18:11,Temperatura,27.822523995079695
410,08/02/21 22:18:12,Temperatura,27.533697976512627
411,08/02/21 22:18:13,Temperatura,33.65312402316555
412,08/02/21 22:18:14,Temperatura,28.0162076898491
413,08/02/21 22:18:15,Temperatura,39.39189905779967
414,08/02/21 22:18:16,Temperatura,26.478736380730968
415,08/02/21 22:18:17,Temperatura,33.14295789681422
416,08/02/21 22:18:18,Temperatura,31.89832771193735
417,08/02/21 22:18:20,Temperatura,25.679089547341682
418,08/02/21 22:18:21,Temperatura,30.708976127949448
419,08/02/21 22:18:22,Temperatura,34.19867715511213
420,08/02/21 22:18:23,Temperatura,33.64673192314249
421,08/02/21 22:18:24,Temperatura,28.444109471065847
422,08/02/21 22:18:25,Temperatura,31.911422091234186
423,08/02/21 22:18:26,Temperatura,30.62975590688448
424,08/02/21 22:18:27,Temperatura,34.92449190203887
425,08/02/21 22:18:28,Temperatura,28.445093384280952
426,08/02/21 22:18:29,Temperatura,29.789253271873797
427,08/02/21 22:18:30,Temperatura,33.78100721226266
428,08/02/21 22:18:31,Temperatura,20.223107223722856
429,08/02/21 22:18:32,Temperatura,17.948950768714468
430,08/02/21 22:18:33,Temperatura,27.563912956585654
431,08/02/21 22:18:34,Temperatura,29.64583365433063
432,08/02/21 22:18:35,Temperatura,36.13944759646023
433,08/02/21 22:18:36,Temperatura,22.29840014715327
434,08/02/21 22:18:37,Temperatura,29.08008598031254
435,08/02/21 22:18:38,Temperatura,36.114798949013185
436,08/02/21 22:18:39,Temperatura,28.654144975663208
437,08/02/21 22:18:40,Temperatura,25.215669155278473
438,08/02/21 22:18:41,Temperatura,28.227886354513412
439,08/02/21 22:18:42,Temperatura,32.053089019621716
440,08/02/21 22:18:43,Temperatura,30.498015335882275
441,08/02/21 22:18:44,Temperatura,36.865843356737756
442,08/02/21 22:18:45,Temperatura,22.526864306470138
443,08/02/21 22:18:46,Temperatura,27.936388226092223
444,08/02/21 22:18:47,Temperatura,26.876414219617114
445,08/02/21 22:18:48,Temperatura,33.3436744177277
446,08/02/21 22:18:49,Temperatura,33.05965571738889
447,08/02/21 22:18:50,Temperatura,34.416626884278095
448,08/02/21 22:18:51,Temperatura,28.27691700561372
449,08/02/21 22:18:52,Temperatura,28.93394453218998
450,08/02/21 22:18:53,Temperatura,35.22747282306911
451,08/02/21 22:18:54,Temperatura,29.747140215791376
452,08/02/21 22:18:55,Temperatura,32.36054848878675
453,08/02/21 22:18:56,Temperatura,29.726561189672207
454,08/02/21 22:18:57,Temperatura,25.24684481402173
455,08/02/21 22:18:58,Temperatura,29.382464967054744
456,08/02/21 22:18:59,Temperatura,25.309693348548688
457,08/02/21 22:19:00,Temperatura,31.019911118082298
458,08/02/21 22:19:01,Temperatura,34.43618481821498
459,08/02/21 22:19:02,Temperatura,27.389587295069354
460,08/02/21 22:19:03,Temperatura,30.73932351015768
461,08/02/21 22:19:04,Temperatura,35.67966011343586
462,08/02/21 22:19:05,Temperatura,22.640694523744695
463,08/02/21 22:19:06,Temperatura,29.86484610131923
464,08/02/21 22:19:07,Temperatura,28.07059885975853
465,08/02/21 22:19:08,Temperatura,32.619039056475515
466,08/02/21 22:19:09,Temperatura,27.64999990284995
467,08/02/21 22:19:10,Temperatura,24.395849349134586
468,08/02/21 22:19:11,Temperatura,36.17410311138124
469,08/02/21 22:19:12,Temperatura,27.491554207488463
470,08/02/21 22:19:13,Temperatura,27.44165247745543
471,08/02/21 22:19:14,Temperatura,31.084062622567608
472,08/02/21 22:19:15,Temperatura,23.7361857204249
473,08/02/21 22:19:16,Temperatura,31.608446404362198
474,08/02/21 22:19:17,Temperatura,25.74951390713583
475,08/02/21 22:19:18,Temperatura,29.58668043954366
476,08/02/21 22:19:19,Temperatura,26.202510997396953
477,08/02/21 22:19:20,Temperatura,30.1717804136608
478,08/02/21 22:19:21,Temperatura,32.815071724217276
479,08/02/21 22:19:23,Temperatura,21.648753213768316
480,08/02/21 22:19:24,Temperatura,24.861223954415436
481,08/02/21 22:19:25,Temperatura,20.454955172390967
482,08/02/21 22:19:26,Temperatura,19.668596484303283
483,08/02/21 22:19:27,Temperatura,20.616742071374208
484,08/02/21 22:19:28,Temperatura,31.041336985403365
485,08/02/21 22:19:29,Temperatura,27.519455566470203
486,08/02/21 22:19:30,Temperatura,32.39591143597799
487,08/02/21 22:19:31,Temperatura,36.41023104533119
488,08/02/21 22:19:32,Temperatura,32.22615662081853
489,08/02/21 22:19:33,Temperatura,27.63560936277517
490,08/02/21 22:19:34,Temperatura,36.93419182495899
491,08/02/21 22:19:35,Temperatura,31.55762761420915
492,08/02/21 22:19:36,Temperatura,33.03478739614816
493,08/02/21 22:19:37,Temperatura,37.078482693435866
494,08/02/21 22:19:38,Temperatura,20.973479014392506
495,08/02/21 22:19:39,Temperatura,27.78944682709236
496,08/02/21 22:19:40,Temperatura,22.579190838667422
497,08/02/21 22:19:41,Temperatura,22.250003701789943
498,08/02/21 22:19:42,Temperatura,29.880431631952515
499,08/02/21 22:19:43,Temperatura,38.046168745851006
500,08/02/21 22:19:44,Temperatura,30.07511651907289
501,08/02/21 22:19:45,Temperatura,32.56378842271852
502,08/02/21 22:19:46,Temperatura,30.016344942686978
503,08/02/21 22:19:47,Temperatura,31.821410810645304
504,08/02/21 22:19:48,Temperatura,23.602295621015944
505,08/02/21 22:19:49,Temperatura,27.103293779712075
506,08/02/21 22:19:50,Temperatura,29.999173472736423
507,08/02/21 22:19:51,Temperatura,35.27113452542857
508,08/02/21 22:19:52,Temperatura,33.99878388847178
509,08/02/21 22:19:53,Temperatura,20.886757960122587
510,08/02/21 22:19:54,Temperatura,37.8791628171013
511,08/02/21 22:19:55,Temperatura,32.2596074652769
512,08/02/21 22:19:56,Temperatura,31.545589135933305
513,08/02/21 22:19:57,Temperatura,34.499324841010925
514,08/02/21 22:19:58,Temperatura,31.58709024657699
515,08/02/21 22:19:59,Temperatura,25.008786753811552
516,08/02/21 22:20:00,Temperatura,39.043359979101865
517,08/02/21 22:20:01,Temperatura,26.961531207192802
518,08/02/21 22:20:02,Temperatura,34.09686257494015
519,08/02/21 22:20:03,Temperatura,35.309172951615444
520,08/02/21 22:20:04,Temperatura,37.45042626430843
521,08/02/21 22:20:05,Temperatura,32.19764810845092
522,08/02/21 22:20:06,Temperatura,27.542461229444015
523,08/02/21 22:20:07,Temperatura,29.27560859837049
524,08/02/21 22:20:08,Temperatura,24.93434278897684
525,08/02/21 22:20:09,Temperatura,30.71762299960238
526,08/02/21 22:20:10,Temperatura,23.054531615674946
527,08/02/21 22:20:11,Temperatura,37.39936461384843
528,08/02/21 22:20:12,Temperatura,33.50876694719773
529,08/02/21 22:20:13,Temperatura,29.883598733458406
530,08/02/21 22:20:14,Temperatura,28.82207630842886
531,08/02/21 22:20:15,Temperatura,32.89381582188605
532,08/02/21 22:20:16,Temperatura,32.221383685426105
533,08/02/21 22:20:17,Temperatura,21.70151440714792
534,08/02/21 22:20:18,Temperatura,33.18476461332622
535,08/02/21 22:20:19,Temperatura,34.13272872646644
536,08/02/21 22:20:20,Temperatura,40.990893636963236
537,08/02/21 22:20:21,Temperatura,31.450009458217394
538,08/02/21 22:20:23,Temperatura,34.58603035358358
539,08/02/21 22:20:24,Temperatura,22.912019580717434
540,08/02/21 22:20:25,Temperatura,31.22227998263891
541,08/02/21 22:20:26,Temperatura,30.85613022170793
542,08/02/21 22:20:27,Temperatura,26.78599290544667
543,08/02/21 22:20:28,Temperatura,28.278903737927088
544,08/02/21 22:20:29,Temperatura,30.975802929654282
545,08/02/21 22:20:30,Temperatura,33.70173130749371
546,08/02/21 22:20:31,Temperatura,32.441314243115606
547,08/02/21 22:20:32,Temperatura,35.017113570669736
548,08/02/21 22:20:33,Temperatura,23.7496307859793
549,08/02/21 22:20:34,Temperatura,26.094117825697023
550,08/02/21 22:20:35,Temperatura,31.302916516380915
551,08/02/21 22:20:36,Temperatura,30.574608692019492
552,08/02/21 22:20:37,Temperatura,33.75564213115383
553,08/02/21 22:20:38,Temperatura,20.78578527203839
554,08/02/21 22:20:39,Temperatura,33.04992406799923
555,08/02/21 22:20:40,Temperatura,30.1187508059097
556,08/02/21 22:20:41,Temperatura,30.93283503331433
557,08/02/21 22:20:42,Temperatura,34.13682586205811
558,08/02/21 22:20:43,Temperatura,28.008057920091357
559,08/02/21 22:20:44,Temperatura,33.105313246466736
560,08/02/21 22:20:45,Temperatura,30.298001372634246
561,08/02/21 22:20:46,Temperatura,37.18747096166938
562,08/02/21 22:20:47,Temperatura,18.372019024969234
563,08/02/21 22:20:48,Temperatura,29.434934161544835
564,08/02/21 22:20:49,Temperatura,24.452843510481813
565,08/02/21 22:20:50,Temperatura,23.04125475430545
566,08/02/21 22:20:51,Temperatura,27.647672213427505
567,08/02/21 22:20:52,Temperatura,26.425005980986224
568,08/02/21 22:20:53,Temperatura,24.766121847957912
569,08/02/21 22:20:54,Temperatura,25.54111942323722
570,08/02/21 22:20:55,Temperatura,24.75089753458192
571,08/02/21 22:20:56,Temperatura,30.854948780842484
572,08/02/21 22:20:57,Temperatura,32.50388638255325
573,08/02/21 22:20:58,Temperatura,27.311803200696225
574,08/02/21 22:20:59,Temperatura,31.461087775147483
575,08/02/21 22:21:00,Temperatura,37.02012527422788
576,08/02/21 22:21:01,Temperatura,24.109778915519286
577,08/02/21 22:21:02,Temperatura,32.47457852449923
578,08/02/21 22:21:03,Temperatura,40.96648074883802
579,08/02/21 22:21:04,Temperatura,30.07391053314379
580,08/02/21 22:21:05,Temperatura,31.62971208827268
581,08/02/21 22:21:06,Temperatura,33.97578936362608
582,08/02/21 22:21:07,Temperatura,31.019496471786443
583,08/02/21 22:21:08,Temperatura,29.201174187502374
584,08/02/21 22:21:09,Temperatura,23.06218131334998
585,08/02/21 22:21:10,Temperatura,23.54414466364618
586,08/02/21 22:21:11,Temperatura,29.441156134547235
587,08/02/21 22:21:12,Temperatura,32.344746557770065
588,08/02/21 22:21:13,Temperatura,27.06669847447463
589,08/02/21 22:21:14,Temperatura,27.016208057119982
590,08/02/21 22:21:15,Temperatura,22.15488913919296
591,08/02/21 22:21:16,Temperatura,27.56810454020028
592,08/02/21 22:21:17,Temperatura,37.19315825504725
593,08/02/21 22:21:18,Temperatura,32.515462941573745
594,08/02/21 22:21:19,Temperatura,36.608897410078725
595,08/02/21 22:21:20,Temperatura,31.548415970002395
596,08/02/21 22:21:21,Temperatura,25.650775077458334
597,08/02/21 22:21:22,Temperatura,25.963682001538807
598,08/02/21 22:21:23,Temperatura,39.12873928897073
599,08/02/21 22:21:25,Temperatura,23.751254458280638
600,08/02/21 22:21:26,Temperatura,27.304659305258987
601,08/02/21 22:21:27,Temperatura,35.442701149286584
602,08/02/21 22:21:28,Temperatura,27.748916787204045
603,08/02/21 22:21:29,Temperatura,28.1985612359122
604,08/02/21 22:21:30,Temperatura,26.00826470479168
605,08/02/21 22:21:31,Temperatura,34.23475745036631
606,08/02/21 22:21:32,Temperatura,30.978397374120423
607,08/02/21 22:21:33,Temperatura,29.708461664989976
608,08/02/21 22:21:34,Temperatura,36.57887924744088
609,08/02/21 22:21:35,Temperatura,26.6485896616878
610,08/02/21 22:21:36,Temperatura,28.165143015750612
611,08/02/21 22:21:37,Temperatura,29.664092109558677
612,08/02/21 22:21:38,Temperatura,30.981500533517664
613,08/02/21 22:21:39,Temperatura,26.486816187652174
614,08/02/21 22:21:40,Temperatura,28.86439356585913
615,08/02/21 22:21:41,Temperatura,36.24369530934761
616,08/02/21 22:21:42,Temperatura,36.45553910000185
617,08/02/21 22:21:43,Temperatura,25.97409775793342
618,08/02/21 22:21:44,Temperatura,31.10325676905714
619,08/02/21 22:21:45,Temperatura,32.64056375815044
620,08/02/21 22:21:46,Temperatura,32.79192275273808
621,08/02/21 22:21:47,Temperatura,27.227268796395695
622,08/02/21 22:21:48,Temperatura,29.29356000328177
623,08/02/21 22:21:49,Temperatura,43.58826464248595
624,08/02/21 22:21:50,Temperatura,24.345048108464212
625,08/02/21 22:21:51,Temperatura,26.30609197054757
626,08/02/21 22:21:52,Temperatura,33.37166926411165
627,08/02/21 22:21:53,Temperatura,29.33852503374229
628,08/02/21 22:21:54,Temperatura,29.680508095614623
629,08/02/21 22:21:55,Temperatura,29.44615583547441
630,08/02/21 22:21:56,Temperatura,34.99357391903308
631,08/02/21 22:21:57,Temperatura,23.491853771773325
632,08/02/21 22:21:58,Temperatura,29.072623465445258
633,08/02/21 22:21:59,Temperatura,30.915473627473315
634,08/02/21 22:22:00,Temperatura,27.685057948750554
635,08/02/21 22:22:01,Temperatura,31.367523870445858
636,08/02/21 22:22:02,Temperatura,28.262918495102547
637,08/02/21 22:22:03,Temperatura,34.08242607856828
638,08/02/21 22:22:04,Temperatura,29.46685973866415
639,08/02/21 22:22:05,Temperatura,30.795996075283316
640,08/02/21 22:22:06,Temperatura,33.43151334162906
641,08/02/21 22:22:07,Temperatura,29.240489942427157
642,08/02/21 22:22:08,Temperatura,28.135257075728802
643,08/02/21 22:22:09,Temperatura,23.882756706108744
644,08/02/21 22:22:10,Temperatura,39.66112251556549
645,08/02/21 22:22:11,Temperatura,25.991230423333768
646,08/02/21 22:22:12,Temperatura,26.279096218267153
647,08/02/21 22:22:13,Temperatura,29.835743338086665
648,08/02/21 22:22:14,Temperatura,24.826399583639116
649,08/02/21 22:22:15,Temperatura,33.33643996862689
650,08/02/21 22:22:16,Temperatura,31.843236195626538
651,08/02/21 22:22:17,Temperatura,31.796448389018547
652,08/02/21 22:22:18,Temperatura,19.600826193149572
653,08/02/21 22:22:19,Temperatura,29.148959448555782
654,08/02/21 22:22:20,Temperatura,36.246811960715526
655,08/02/21 22:22:21,Temperatura,31.339603516719446
656,08/02/21 22:22:22,Temperatura,32.37471648123026
657,08/02/21 22:22:23,Temperatura,31.318664143021792
658,08/02/21 22:22:24,Temperatura,29.286073889785214
659,08/02/21 22:22:25,Temperatura,36.279617538529514
660,08/02/21 22:22:26,Temperatura,26.52222566237196
661,08/02/21 22:22:27,Temperatura,37.035061430208344
662,08/02/21 22:22:29,Temperatura,26.84790990431519
663,08/02/21 22:22:30,Temperatura,35.65966041360992
664,08/02/21 22:22:31,Temperatura,30.612479848987512
665,08/02/21 22:22:32,Temperatura,22.34059877723501
666,08/02/21 22:22:33,Temperatura,29.608455863776275
667,08/02/21 22:22:34,Temperatura,42.492819690582735
668,08/02/21 22:22:35,Temperatura,25.83810934905119
669,08/02/21 22:22:36,Temperatura,31.221836677963857
670,08/02/21 22:22:37,Temperatura,31.55692056237558
671,08/02/21 22:22:38,Temperatura,30.25490499173137
672,08/02/21 22:22:39,Temperatura,31.65046375707994
673,08/02/21 22:22:40,Temperatura,29.755580368453376
674,08/02/21 22:22:41,Temperatura,42.55810067854856
675,08/02/21 22:22:42,Temperatura,32.21145473441325
676,08/02/21 22:22:43,Temperatura,32.593591777049
677,08/02/21 22:22:44,Temperatura,25.68148755221106
678,08/02/21 22:22:45,Temperatura,22.799785099653455
679,08/02/21 22:22:46,Temperatura,35.206220348800215
680,08/02/21 22:22:47,Temperatura,29.038817567736874
681,08/02/21 22:22:48,Temperatura,30.764300606889826
682,08/02/21 22:22:49,Temperatura,25.458826479508097
683,08/02/21 22:22:50,Temperatura,30.845021904534693
684,08/02/21 22:22:51,Temperatura,23.827308979231077
685,08/02/21 22:22:52,Temperatura,30.337378179341332
686,08/02/21 22:22:53,Temperatura,28.502848818972435
687,08/02/21 22:22:54,Temperatura,30.785991180088118
688,08/02/21 22:22:55,Temperatura,30.937667565869663
689,08/02/21 22:22:56,Temperatura,31.8636683031823
690,08/02/21 22:22:57,Temperatura,33.142651300067456
691,08/02/21 22:22:58,Temperatura,34.13486347282641
692,08/02/21 22:22:59,Temperatura,30.077258693507996
693,08/02/21 22:23:00,Temperatura,40.24721227290392
694,08/02/21 22:23:01,Temperatura,31.82413786490405
695,08/02/21 22:23:02,Temperatura,41.4282827867635
696,08/02/21 22:23:03,Temperatura,23.454506096602056
697,08/02/21 22:23:04,Temperatura,27.94691253495659
698,08/02/21 22:23:05,Temperatura,24.90095987858285
699,08/02/21 22:23:06,Temperatura,36.75227741731694
700,08/02/21 22:23:07,Temperatura,26.163483472647144
701,08/02/21 22:23:08,Temperatura,39.022256546300376
702,08/02/21 22:23:09,Temperatura,31.84481476580233
703,08/02/21 22:23:10,Temperatura,28.733675034214116
704,08/02/21 22:23:11,Temperatura,34.313456091018956
705,08/02/21 22:23:12,Temperatura,31.355662275759382
706,08/02/21 22:23:13,Temperatura,37.89320656967536
707,08/02/21 22:23:14,Temperatura,25.65132998874372
708,08/02/21 22:23:15,Temperatura,32.60627422426289
709,08/02/21 22:23:16,Temperatura,28.594380951183222
710,08/02/21 22:23:17,Temperatura,23.130167471388475
711,08/02/21 22:23:18,Temperatura,27.000943359788625
712,08/02/21 22:23:19,Temperatura,23.153234391774298
713,08/02/21 22:23:20,Temperatura,26.62188639146321
714,08/02/21 22:23:21,Temperatura,36.14800743559399
715,08/02/21 22:23:22,Temperatura,31.50705601639235
716,08/02/21 22:23:23,Temperatura,42.16160863444935
717,08/02/21 22:23:24,Temperatura,31.560856578589924
718,08/02/21 22:23:25,Temperatura,29.883419759244006
719,08/02/21 22:23:26,Temperatura,34.4953230771103
720,08/02/21 22:23:27,Temperatura,24.742277151585792
721,08/02/21 22:23:28,Temperatura,27.687548540790818
722,08/02/21 22:23:29,Temperatura,31.494110010531163
723,08/02/21 22:23:31,Temperatura,30.196817761892415
724,08/02/21 22:23:32,Temperatura,31.548815704030392
725,08/02/21 22:23:33,Temperatura,32.53902640909417
726,08/02/21 22:23:34,Temperatura,28.63982640554689
727,08/02/21 22:23:35,Temperatura,27.986297992928375
728,08/02/21 22:23:36,Temperatura,27.53778186761748
729,08/02/21 22:23:37,Temperatura,34.6033278081813
730,08/02/21 22:23:38,Temperatura,31.179790457071668
731,08/02/21 22:23:39,Temperatura,27.588399713262895
732,08/02/21 22:23:40,Temperatura,25.32240423274132
733,08/02/21 22:23:41,Temperatura,19.796217647306264
734,08/02/21 22:23:42,Temperatura,27.658631023437458
735,08/02/21 22:23:43,Temperatura,33.72904274528997
736,08/02/21 22:23:44,Temperatura,25.580874761880956
737,08/02/21 22:23:45,Temperatura,32.957867573863645
738,08/02/21 22:23:46,Temperatura,33.29898160842686
739,08/02/21 22:23:47,Temperatura,33.19466430127884
740,08/02/21 22:23:48,Temperatura,39.70284593235459
741,08/02/21 22:23:49,Temperatura,25.41076207920177
742,08/02/21 22:23:50,Temperatura,29.82157070829693
743,08/02/21 22:23:51,Temperatura,27.91560650329111
744,08/02/21 22:23:52,Temperatura,25.282344394307934
745,08/02/21 22:23:53,Temperatura,37.6640880389013
746,08/02/21 22:23:54,Temperatura,31.43309500849528
747,08/02/21 22:23:55,Temperatura,30.685147147577283
748,08/02/21 22:23:56,Temperatura,39.920194565484024
749,08/02/21 22:23:57,Temperatura,26.83909782938164
750,08/02/21 22:23:58,Temperatura,33.044123449396714
751,08/02/21 22:23:59,Temperatura,22.772147082352124
752,08/02/21 22:24:00,Temperatura,29.00090458044001
753,08/02/21 22:24:01,Temperatura,26.751162008878175
754,08/02/21 22:24:02,Temperatura,26.78004010054354
755,08/02/21 22:24:03,Temperatura,29.7263479573024
756,08/02/21 22:24:04,Temperatura,28.263738080102502
757,08/02/21 22:24:05,Temperatura,19.29928152773764
758,08/02/21 22:24:06,Temperatura,30.600065565051132
759,08/02/21 22:24:07,Temperatura,30.44863126295982
760,08/02/21 22:24:08,Temperatura,30.934407495414696
761,08/02/21 22:24:09,Temperatura,29.957383155175755
762,08/02/21 22:24:10,Temperatura,28.98576656265129
763,08/02/21 22:24:11,Temperatura,38.887719694170976
764,08/02/21 22:24:12,Temperatura,26.21814140804084
765,08/02/21 22:24:13,Temperatura,25.70175164929323
766,08/02/21 22:24:14,Temperatura,23.787317902021652
767,08/02/21 22:24:15,Temperatura,28.416896601658436
768,08/02/21 22:24:16,Temperatura,38.714726108717755
769,08/02/21 22:24:17,Temperatura,18.05271031560629
770,08/02/21 22:24:18,Temperatura,26.996844766480145
771,08/02/21 22:24:19,Temperatura,26.17239267996779
772,08/02/21 22:24:20,Temperatura,34.06520737301089
773,08/02/21 22:24:21,Temperatura,24.526640000584987
774,08/02/21 22:24:22,Temperatura,28.66171289854084
775,08/02/21 22:24:23,Temperatura,30.614231723154106
776,08/02/21 22:24:24,Temperatura,38.733195849633695
777,08/02/21 22:24:25,Temperatura,31.732824990980678
778,08/02/21 22:24:26,Temperatura,28.3589666101136
779,08/02/21 22:24:27,Temperatura,32.60667808847118
780,08/02/21 22:24:28,Temperatura,23.65603254617846
781,08/02/21 22:24:29,Temperatura,34.08000543228598
782,08/02/21 22:24:30,Temperatura,26.425236666470642
783,08/02/21 22:24:31,Temperatura,36.53207205186038
784,08/02/21 22:24:33,Temperatura,27.8965471734671
785,08/02/21 22:24:34,Temperatura,27.725033448915212
786,08/02/21 22:24:35,Temperatura,29.829267759806598
787,08/02/21 22:24:36,Temperatura,26.251911253476976
788,08/02/21 22:24:37,Temperatura,25.23608004692572
789,08/02/21 22:24:38,Temperatura,31.37949936583835
790,08/02/21 22:24:39,Temperatura,38.158934598295545
791,08/02/21 22:24:40,Temperatura,33.80351059688478
792,08/02/21 22:24:41,Temperatura,22.707985678310887
793,08/02/21 22:24:42,Temperatura,20.9389127729322
794,08/02/21 22:24:43,Temperatura,26.769461858135237
795,08/02/21 22:24:44,Temperatura,37.32617460633331
796,08/02/21 22:24:45,Temperatura,29.540875555241076
797,08/02/21 22:24:46,Temperatura,33.37775229808232
798,08/02/21 22:24:47,Temperatura,23.545838190234214
799,08/02/21 22:24:48,Temperatura,32.32461792999133
800,08/02/21 22:24:49,Temperatura,39.469784725986756
801,08/02/21 22:24:50,Temperatura,31.589856489185042
802,08/02/21 22:24:51,Temperatura,32.58596844200737
803,08/02/21 22:24:52,Temperatura,25.35332620202993
804,08/02/21 22:24:53,Temperatura,35.18307499439041
805,08/02/21 22:24:54,Temperatura,32.54844088376616
806,08/02/21 22:24:55,Temperatura,25.2201809123188
807,08/02/21 22:24:56,Temperatura,31.75749890326256
808,08/02/21 22:24:57,Temperatura,32.668494745304635
809,08/02/21 22:24:58,Temperatura,23.404777159367136
810,08/02/21 22:24:59,Temperatura,28.43844155346179
811,08/02/21 22:25:00,Temperatura,30.0526111424584
812,08/02/21 22:25:01,Temperatura,39.624815164360896
813,08/02/21 22:25:02,Temperatura,38.54373129176403
814,08/02/21 22:25:03,Temperatura,31.30993945950866
815,08/02/21 22:25:04,Temperatura,22.56839788012941
816,08/02/21 22:25:05,Temperatura,27.68875178320238
817,08/02/21 22:25:06,Temperatura,29.74710513691596
818,08/02/21 22:25:07,Temperatura,35.39764791985727
819,08/02/21 22:25:08,Temperatura,34.870975329572794
820,08/02/21 22:25:09,Temperatura,29.017266332508306
821,08/02/21 22:25:10,Temperatura,16.388277857208976
822,08/02/21 22:25:11,Temperatura,33.78639549686876
823,08/02/21 22:25:12,Temperatura,27.534558342222322
824,08/02/21 22:25:13,Temperatura,25.687376289076404
825,08/02/21 22:25:14,Temperatura,34.19343525747187
826,08/02/21 22:25:15,Temperatura,29.25246760078764
827,08/02/21 22:25:16,Temperatura,24.80239808155118
828,08/02/21 22:25:17,Temperatura,29.25918759942119
829,08/02/21 22:25:18,Temperatura,30.337875854406594
830,08/02/21 22:25:19,Temperatura,30.72624098892539
831,08/02/21 22:25:20,Temperatura,29.375483637311284
832,08/02/21 22:25:21,Temperatura,32.72721147275764
833,08/02/21 22:25:22,Temperatura,33.945872816474434
834,08/02/21 22:25:23,Temperatura,29.072115138051625
835,08/02/21 22:25:24,Temperatura,33.40423324689043
836,08/02/21 22:25:25,Temperatura,30.567544349085786
837,08/02/21 22:25:26,Temperatura,37.517558210239116
838,08/02/21 22:25:27,Temperatura,34.33040401009207
839,08/02/21 22:25:28,Temperatura,29.23626594821141
840,08/02/21 22:25:29,Temperatura,33.60377793504424
841,08/02/21 22:25:30,Temperatura,30.63101445724859
842,08/02/21 22:25:31,Temperatura,30.468112549912146
843,08/02/21 22:25:32,Temperatura,33.770240036586955
844,08/02/21 22:25:33,Temperatura,33.92248674756543
845,08/02/21 22:25:34,Temperatura,34.09277336950321
846,08/02/21 22:25:35,Temperatura,29.795527961779523
847,08/02/21 22:25:37,Temperatura,27.98009832008627
848,08/02/21 22:25:38,Temperatura,24.864084737948097
849,08/02/21 22:25:39,Temperatura,36.358487646468475
850,08/02/21 22:25:40,Temperatura,24.72538957237548
851,08/02/21 22:25:41,Temperatura,28.87942621546009
852,08/02/21 22:25:42,Temperatura,21.874801414479425
853,08/02/21 22:25:43,Temperatura,28.20678469832773
854,08/02/21 22:25:44,Temperatura,36.21140012473795
855,08/02/21 22:25:45,Temperatura,31.560431684267318
856,08/02/21 22:25:46,Temperatura,15.884886305591868
857,08/02/21 22:25:47,Temperatura,36.16235380200464
858,08/02/21 22:25:48,Temperatura,35.12704402335471
859,08/02/21 22:25:49,Temperatura,31.036158622881985
860,08/02/21 22:25:50,Temperatura,26.895105913684823
861,08/02/21 22:25:51,Temperatura,35.21449750998633
862,08/02/21 22:25:52,Temperatura,19.494248889699648
863,08/02/21 22:25:53,Temperatura,27.551673655890045
864,08/02/21 22:25:54,Temperatura,33.91017899865016
865,08/02/21 22:25:55,Temperatura,31.195394942166992
866,08/02/21 22:25:56,Temperatura,18.1272659553291
867,08/02/21 22:25:57,Temperatura,25.46150895938643
868,08/02/21 22:25:58,Temperatura,26.573293994787182
869,08/02/21 22:25:59,Temperatura,31.847677876067483
870,08/02/21 22:26:00,Temperatura,32.52242954258976
871,08/02/21 22:26:01,Temperatura,27.398097212450455
872,08/02/21 22:26:02,Temperatura,23.675825814323833
873,08/02/21 22:26:03,Temperatura,35.9030102001498
874,08/02/21 22:26:04,Temperatura,24.968552500375488
875,08/02/21 22:26:05,Temperatura,31.04644847046642
876,08/02/21 22:26:06,Temperatura,30.199283647051388
877,08/02/21 22:26:07,Temperatura,29.99077058475661
878,08/02/21 22:26:08,Temperatura,27.134501861881294
879,08/02/21 22:26:09,Temperatura,28.242841711698592
880,08/02/21 22:26:10,Temperatura,43.933637976296595
881,08/02/21 22:26:11,Temperatura,34.00403765050104
882,08/02/21 22:26:12,Temperatura,34.58500143595638
883,08/02/21 22:26:13,Temperatura,31.102464683441323
884,08/02/21 22:26:14,Temperatura,36.40693757254751
885,08/02/21 22:26:15,Temperatura,30.63426249452589
886,08/02/21 22:26:16,Temperatura,32.5854763389666
887,08/02/21 22:26:17,Temperatura,43.17213942075873
888,08/02/21 22:26:18,Temperatura,27.810576284809137
889,08/02/21 22:26:19,Temperatura,29.9548463709048
890,08/02/21 22:26:20,Temperatura,30.081240010286184
891,08/02/21 22:26:21,Temperatura,28.392909593089353
892,08/02/21 22:26:22,Temperatura,32.06564541537718
893,08/02/21 22:26:23,Temperatura,32.36110081213998
894,08/02/21 22:26:24,Temperatura,26.444150268699072
895,08/02/21 22:26:25,Temperatura,30.757758611941426
896,08/02/21 22:26:26,Temperatura,27.561094945853505
897,08/02/21 22:26:27,Temperatura,29.84027641347052
898,08/02/21 22:26:28,Temperatura,27.625368999894665
899,08/02/21 22:26:29,Temperatura,29.58747852410229
900,08/02/21 22:26:30,Temperatura,37.71757302919456
901,08/02/21 22:26:31,Temperatura,27.65043096178305
902,08/02/21 22:26:32,Temperatura,37.626613392315676
903,08/02/21 22:26:33,Temperatura,32.439771582719146
904,08/02/21 22:26:34,Temperatura,32.08977908603963
905,08/02/21 22:26:35,Temperatura,29.026501180440004
906,08/02/21 22:26:36,Temperatura,34.54582012761627
907,08/02/21 22:26:37,Temperatura,32.42234094662674
908,08/02/21 22:26:39,Temperatura,20.105726220661467
909,08/02/21 22:26:40,Temperatura,32.72715131204133
910,08/02/21 22:26:41,Temperatura,24.988590627456695
911,08/02/21 22:26:42,Temperatura,27.241204082566284
912,08/02/21 22:26:43,Temperatura,33.82390093597977
913,08/02/21 22:26:44,Temperatura,25.907965441611015
914,08/02/21 22:26:45,Temperatura,35.47667661321361
915,08/02/21 22:26:46,Temperatura,21.971758551056997
916,08/02/21 22:26:47,Temperatura,37.25048117712544
917,08/02/21 22:26:48,Temperatura,27.64588490307867
918,08/02/21 22:26:49,Temperatura,31.979871016460123
919,08/02/21 22:26:50,Temperatura,32.25095136151955
920,08/02/21 22:26:51,Temperatura,31.811558626256556
921,08/02/21 22:26:52,Temperatura,32.727534658559534
922,08/02/21 22:26:53,Temperatura,31.733997557226274
923,08/02/21 22:26:54,Temperatura,21.085321043819945
924,08/02/21 22:26:55,Temperatura,32.361993563256064
925,08/02/21 22:26:56,Temperatura,29.736367391965928
926,08/02/21 22:26:57,Temperatura,26.28112579345924
927,08/02/21 22:26:58,Temperatura,29.071257100079535
928,08/02/21 22:26:59,Temperatura,26.690418547794227
929,08/02/21 22:27:00,Temperatura,38.74408017541879
930,08/02/21 22:27:01,Temperatura,33.58273710981058
931,08/02/21 22:27:02,Temperatura,28.471232019978903
932,08/02/21 22:27:03,Temperatura,35.59101179432083
933,08/02/21 22:27:04,Temperatura,22.42521837572864
934,08/02/21 22:27:05,Temperatura,34.68814524818002
935,08/02/21 22:27:06,Temperatura,30.91016988534826
936,08/02/21 22:27:07,Temperatura,32.576307436069676
937,08/02/21 22:27:08,Temperatura,29.242891912833812
938,08/02/21 22:27:09,Temperatura,24.7668041713726
939,08/02/21 22:27:10,Temperatura,28.866749484598383
940,08/02/21 22:27:11,Temperatura,31.15000457974336
941,08/02/21 22:27:12,Temperatura,25.95063577921787
942,08/02/21 22:27:13,Temperatura,29.41753491847633
943,08/02/21 22:27:14,Temperatura,39.34141338570332
944,08/02/21 22:27:15,Temperatura,33.18437870054715
945,08/02/21 22:27:16,Temperatura,32.611533665906805
946,08/02/21 22:27:17,Temperatura,26.184286837479316
947,08/02/21 22:27:18,Temperatura,31.26692281982231
948,08/02/21 22:27:19,Temperatura,27.480298809039997
949,08/02/21 22:27:20,Temperatura,34.62476416478181
950,08/02/21 22:27:21,Temperatura,32.65471596023755
951,08/02/21 22:27:22,Temperatura,29.05725181443301
952,08/02/21 22:27:23,Temperatura,29.927483923684502
953,08/02/21 22:27:24,Temperatura,28.04351660432419
954,08/02/21 22:27:25,Temperatura,37.929092636575675
955,08/02/21 22:27:26,Temperatura,22.628787802252848
956,08/02/21 22:27:27,Temperatura,33.6366386894965
957,08/02/21 22:27:28,Temperatura,29.912124776609154
958,08/02/21 22:27:29,Temperatura,31.518009553374235
959,08/02/21 22:27:30,Temperatura,23.341962262020154
960,08/02/21 22:27:31,Temperatura,32.42873749814007
961,08/02/21 22:27:32,Temperatura,26.371535517900416
962,08/02/21 22:27:33,Temperatura,30.145204694986536
963,08/02/21 22:27:34,Temperatura,32.109886053474476
964,08/02/21 22:27:35,Temperatura,26.768186760937986
965,08/02/21 22:27:36,Temperatura,26.598792509759427
966,08/02/21 22:27:37,Temperatura,33.406407743929854
967,08/02/21 22:27:38,Temperatura,17.616383428852238
968,08/02/21 22:27:39,Temperatura,39.65344946896297
969,08/02/21 22:27:40,Temperatura,31.00551812581736
970,08/02/21 22:27:42,Temperatura,30.121637918238438
971,08/02/21 22:27:43,Temperatura,34.83429337292519
972,08/02/21 22:27:44,Temperatura,37.09486769984502
973,08/02/21 22:27:45,Temperatura,29.195663013370954
974,08/02/21 22:27:46,Temperatura,25.910244617660844
975,08/02/21 22:27:47,Temperatura,28.502957160814027
976,08/02/21 22:27:48,Temperatura,39.1338557862634
977,08/02/21 22:27:49,Temperatura,29.454665542295075
978,08/02/21 22:27:50,Temperatura,34.09277970528629
979,08/02/21 22:27:51,Temperatura,39.119001009317586
980,08/02/21 22:27:52,Temperatura,31.38014480847072
981,08/02/21 22:27:53,Temperatura,27.40632431255152
982,08/02/21 22:27:54,Temperatura,33.276127564581074
983,08/02/21 22:27:55,Temperatura,26.823222271240613
984,08/02/21 22:27:56,Temperatura,28.376135195840597
985,08/02/21 22:27:57,Temperatura,28.13665795199183
986,08/02/21 22:27:58,Temperatura,31.958197666894762
987,08/02/21 22:27:59,Temperatura,35.00608667273869
988,08/02/21 22:28:00,Temperatura,35.902245074063245
989,08/02/21 22:28:01,Temperatura,28.797764742908797
990,08/02/21 22:28:02,Temperatura,35.0210248313154
991,08/02/21 22:28:03,Temperatura,31.147674261493957
992,08/02/21 22:28:04,Temperatura,31.540917256290676
993,08/02/21 22:28:05,Temperatura,36.063545588263594
994,08/02/21 22:28:06,Temperatura,41.2885256099388
995,08/02/21 22:28:07,Temperatura,25.77837197777594
996,08/02/21 22:28:08,Temperatura,15.590735090485023
997,08/02/21 22:28:09,Temperatura,23.778203909109827
998,08/02/21 22:28:10,Temperatura,33.50068435168273
999,08/02/21 22:28:11,Temperatura,24.509531940348896
1,08/02/21 22:29:24,Maximo,47.38557631690587
1,08/02/21 22:29:24,Minimo,15.590735090485024
1,08/02/21 22:29:24,Mediana,29.90681611735629
1,08/02/21 22:29:24,Promedio,29.992540333551375
1,08/02/21 22:29:24,Desviacion,4.917724139686714
1,08/02/21 22:29:24,Varianza,24.184010714057433
1,08/02/21 22:29:27,Maximo,47.38557631690587
1,08/02/21 22:29:27,Minimo,15.590735090485024
1,08/02/21 22:29:27,Mediana,29.90681611735629
1,08/02/21 22:29:27,Promedio,29.992540333551375
1,08/02/21 22:29:27,Desviacion,4.917724139686714
1,08/02/21 22:29:27,Varianza,24.184010714057433
